auth_id,patient_key,status,valid_until,updated_at
AUTH-00001,P-00001,PENDING,2026-03-31,2026-01-10T20:00:00Z
AUTH-00002,P-00002,APPROVED,2026-03-25,2026-01-09T00:00:00Z
AUTH-00003,P-00003,APPROVED,2026-05-31,2026-01-09T07:00:00Z
AUTH-00004,P-00004,APPROVED,2026-02-09,2026-01-11T03:00:00Z
AUTH-00005,P-00005,APPROVED,2026-03-21,2026-01-11T11:00:00Z
AUTH-00006,P-00006,APPROVED,2026-02-23,2026-01-09T22:00:00Z
AUTH-00007,P-00007,APPROVED,2026-02-20,2026-01-11T22:00:00Z
AUTH-00008,P-00008,APPROVED,2026-06-06,2026-01-11T12:00:00Z
AUTH-00009,P-00009,APPROVED,2026-05-12,2026-01-13T07:00:00Z
AUTH-00010,P-00010,CONDITIONAL,2026-02-09,2026-01-11T12:00:00Z
AUTH-00011,P-00011,PENDING,2026-05-20,2026-01-11T11:00:00Z
AUTH-00012,P-00012,PENDING,2026-03-05,2026-01-11T17:00:00Z
AUTH-00013,P-00013,APPROVED,2026-05-13,2026-01-12T15:00:00Z
AUTH-00014,P-00014,APPROVED,2026-04-12,2026-01-10T14:00:00Z
AUTH-00015,P-00015,APPROVED,2026-03-29,2026-01-13T02:00:00Z
AUTH-00016,P-00016,PENDING,2026-04-07,2026-01-13T23:00:00Z
AUTH-00017,P-00017,APPROVED,2026-03-17,2026-01-13T23:00:00Z
AUTH-00018,P-00018,APPROVED,2026-04-08,2026-01-12T08:00:00Z
AUTH-00019,P-00019,APPROVED,2026-05-03,2026-01-13T13:00:00Z
AUTH-00020,P-00020,APPROVED,2026-04-08,2026-01-16T07:00:00Z
AUTH-00021,P-00021,CONDITIONAL,2026-04-03,2026-01-15T16:00:00Z
AUTH-00022,P-00022,CONDITIONAL,2026-06-03,2026-01-15T22:00:00Z
AUTH-00023,P-00023,APPROVED,2026-05-29,2026-01-18T22:00:00Z
AUTH-00024,P-00024,APPROVED,2026-05-27,2026-01-17T08:00:00Z
AUTH-00025,P-00025,APPROVED,2026-05-04,2026-01-13T13:00:00Z
AUTH-00026,P-00026,CONDITIONAL,2026-05-08,2026-01-14T09:00:00Z
AUTH-00027,P-00027,APPROVED,2026-04-27,2026-01-17T15:00:00Z
AUTH-00028,P-00028,PENDING,2026-03-28,2026-01-19T16:00:00Z
AUTH-00029,P-00029,CONDITIONAL,2026-04-06,2026-01-16T04:00:00Z
AUTH-00030,P-00030,PENDING,2026-03-26,2026-01-18T03:00:00Z
AUTH-00031,P-00031,PENDING,2026-02-21,2026-01-15T10:00:00Z
AUTH-00032,P-00032,APPROVED,2026-03-20,2026-01-22T06:00:00Z
AUTH-00033,P-00033,APPROVED,2026-04-16,2026-01-18T11:00:00Z
AUTH-00034,P-00034,APPROVED,2026-05-30,2026-01-18T11:00:00Z
AUTH-00035,P-00035,APPROVED,2026-02-17,2026-01-19T11:00:00Z
AUTH-00036,P-00036,PENDING,2026-03-23,2026-01-19T15:00:00Z
AUTH-00037,P-00037,APPROVED,2026-02-21,2026-01-21T16:00:00Z
AUTH-00038,P-00038,CONDITIONAL,2026-04-01,2026-01-20T05:00:00Z
AUTH-00039,P-00039,APPROVED,2026-05-15,2026-01-21T00:00:00Z
AUTH-00040,P-00040,APPROVED,2026-04-14,2026-01-23T13:00:00Z
AUTH-00041,P-00041,APPROVED,2026-04-27,2026-01-19T16:00:00Z
AUTH-00042,P-00042,APPROVED,2026-05-23,2026-01-20T23:00:00Z
AUTH-00043,P-00043,APPROVED,2026-05-22,2026-01-24T11:00:00Z
AUTH-00044,P-00044,APPROVED,2026-03-06,2026-01-21T07:00:00Z
AUTH-00045,P-00045,PENDING,2026-05-25,2026-01-21T15:00:00Z
AUTH-00046,P-00046,PENDING,2026-03-14,2026-01-25T19:00:00Z
AUTH-00047,P-00047,APPROVED,2026-05-08,2026-01-23T02:00:00Z
AUTH-00048,P-00048,PENDING,2026-03-06,2026-01-22T21:00:00Z
AUTH-00049,P-00049,CONDITIONAL,2026-06-15,2026-01-26T09:00:00Z
AUTH-00050,P-00050,APPROVED,2026-04-30,2026-01-26T21:00:00Z
AUTH-00051,P-00051,CONDITIONAL,2026-04-06,2026-01-26T17:00:00Z
AUTH-00052,P-00052,CONDITIONAL,2026-05-14,2026-01-22T16:00:00Z
AUTH-00053,P-00053,APPROVED,2026-06-17,2026-01-23T06:00:00Z
AUTH-00054,P-00054,APPROVED,2026-04-26,2026-01-26T06:00:00Z
AUTH-00055,P-00055,APPROVED,2026-02-26,2026-01-27T10:00:00Z
AUTH-00056,P-00056,APPROVED,2026-04-25,2026-01-25T07:00:00Z
AUTH-00057,P-00057,APPROVED,2026-02-26,2026-01-26T20:00:00Z
AUTH-00058,P-00058,PENDING,2026-05-17,2026-01-26T02:00:00Z
AUTH-00059,P-00059,CONDITIONAL,2026-06-05,2026-01-29T04:00:00Z
AUTH-00060,P-00060,APPROVED,2026-05-15,2026-01-25T23:00:00Z
AUTH-00061,P-00061,APPROVED,2026-04-22,2026-01-26T06:00:00Z
AUTH-00062,P-00062,PENDING,2026-05-12,2026-01-29T04:00:00Z
AUTH-00063,P-00063,CONDITIONAL,2026-03-03,2026-01-28T07:00:00Z
AUTH-00064,P-00064,CONDITIONAL,2026-05-30,2026-01-29T12:00:00Z
AUTH-00065,P-00065,APPROVED,2026-02-24,2026-01-26T09:00:00Z
AUTH-00066,P-00066,APPROVED,2026-05-30,2026-01-25T06:00:00Z
AUTH-00067,P-00067,APPROVED,2026-04-13,2026-01-31T13:00:00Z
AUTH-00068,P-00068,APPROVED,2026-05-12,2026-01-30T12:00:00Z
AUTH-00069,P-00069,APPROVED,2026-04-24,2026-01-28T22:00:00Z
AUTH-00070,P-00070,CONDITIONAL,2026-04-01,2026-01-29T18:00:00Z
AUTH-00071,P-00071,APPROVED,2026-05-04,2026-01-29T13:00:00Z
AUTH-00072,P-00072,CONDITIONAL,2026-04-03,2026-01-30T08:00:00Z
AUTH-00073,P-00073,APPROVED,2026-03-11,2026-02-01T23:00:00Z
AUTH-00074,P-00074,APPROVED,2026-04-24,2026-01-28T19:00:00Z
AUTH-00075,P-00075,APPROVED,2026-06-23,2026-02-02T07:00:00Z
AUTH-00076,P-00076,APPROVED,2026-05-27,2026-02-02T00:00:00Z
AUTH-00077,P-00077,APPROVED,2026-04-09,2026-01-31T01:00:00Z
AUTH-00078,P-00078,CONDITIONAL,2026-05-14,2026-01-31T14:00:00Z
AUTH-00079,P-00079,APPROVED,2026-06-23,2026-02-03T23:00:00Z
AUTH-00080,P-00080,APPROVED,2026-05-04,2026-02-02T04:00:00Z
AUTH-00081,P-00081,CONDITIONAL,2026-05-27,2026-02-01T11:00:00Z
AUTH-00082,P-00082,PENDING,2026-05-23,2026-02-01T23:00:00Z
AUTH-00083,P-00083,APPROVED,2026-05-21,2026-02-03T20:00:00Z
AUTH-00084,P-00084,APPROVED,2026-03-06,2026-01-31T12:00:00Z
AUTH-00085,P-00085,APPROVED,2026-06-18,2026-01-31T16:00:00Z
AUTH-00086,P-00086,APPROVED,2026-05-07,2026-02-04T00:00:00Z
AUTH-00087,P-00087,PENDING,2026-04-03,2026-02-03T02:00:00Z
AUTH-00088,P-00088,CONDITIONAL,2026-04-02,2026-02-01T20:00:00Z
AUTH-00089,P-00089,PENDING,2026-04-06,2026-02-05T02:00:00Z
AUTH-00090,P-00090,APPROVED,2026-03-08,2026-02-05T05:00:00Z
AUTH-00091,P-00091,PENDING,2026-06-13,2026-02-03T13:00:00Z
AUTH-00092,P-00092,APPROVED,2026-04-24,2026-02-06T11:00:00Z
AUTH-00093,P-00093,APPROVED,2026-05-16,2026-02-08T08:00:00Z
AUTH-00094,P-00094,APPROVED,2026-05-25,2026-02-07T09:00:00Z
AUTH-00095,P-00095,PENDING,2026-06-01,2026-02-04T21:00:00Z
AUTH-00096,P-00096,APPROVED,2026-05-25,2026-02-04T12:00:00Z
AUTH-00097,P-00097,APPROVED,2026-05-08,2026-02-05T19:00:00Z
AUTH-00098,P-00098,APPROVED,2026-03-11,2026-02-05T10:00:00Z
AUTH-00099,P-00099,APPROVED,2026-04-28,2026-02-08T19:00:00Z
AUTH-00100,P-00100,APPROVED,2026-05-31,2026-02-06T20:00:00Z
AUTH-00101,P-00101,CONDITIONAL,2026-03-29,2026-02-06T05:00:00Z
AUTH-00102,P-00102,APPROVED,2026-04-16,2026-02-07T22:00:00Z
AUTH-00103,P-00103,APPROVED,2026-06-22,2026-02-07T08:00:00Z
AUTH-00104,P-00104,PENDING,2026-03-26,2026-02-09T17:00:00Z
AUTH-00105,P-00105,PENDING,2026-07-03,2026-02-07T10:00:00Z
AUTH-00106,P-00106,CONDITIONAL,2026-05-17,2026-02-10T13:00:00Z
AUTH-00107,P-00107,CONDITIONAL,2026-05-14,2026-02-10T17:00:00Z
AUTH-00108,P-00108,APPROVED,2026-04-17,2026-02-09T02:00:00Z
AUTH-00109,P-00109,APPROVED,2026-06-27,2026-02-10T00:00:00Z
AUTH-00110,P-00110,APPROVED,2026-04-22,2026-02-10T00:00:00Z
AUTH-00111,P-00111,CONDITIONAL,2026-05-26,2026-02-11T19:00:00Z
AUTH-00112,P-00112,APPROVED,2026-06-23,2026-02-12T08:00:00Z
AUTH-00113,P-00113,APPROVED,2026-03-30,2026-02-10T10:00:00Z
AUTH-00114,P-00114,CONDITIONAL,2026-03-26,2026-02-11T14:00:00Z
AUTH-00115,P-00115,APPROVED,2026-06-26,2026-02-13T15:00:00Z
AUTH-00116,P-00116,APPROVED,2026-05-05,2026-02-13T13:00:00Z
AUTH-00117,P-00117,APPROVED,2026-06-20,2026-02-09T12:00:00Z
AUTH-00118,P-00118,APPROVED,2026-04-01,2026-02-13T15:00:00Z
AUTH-00119,P-00119,APPROVED,2026-03-15,2026-02-16T13:00:00Z
AUTH-00120,P-00120,APPROVED,2026-04-13,2026-02-12T01:00:00Z
AUTH-00121,P-00121,CONDITIONAL,2026-04-15,2026-02-16T00:00:00Z
AUTH-00122,P-00122,APPROVED,2026-04-23,2026-02-11T10:00:00Z
AUTH-00123,P-00123,CONDITIONAL,2026-06-08,2026-02-16T14:00:00Z
AUTH-00124,P-00124,PENDING,2026-07-02,2026-02-12T15:00:00Z
AUTH-00125,P-00125,PENDING,2026-04-12,2026-02-16T12:00:00Z
AUTH-00126,P-00126,APPROVED,2026-06-19,2026-02-12T06:00:00Z
AUTH-00127,P-00127,PENDING,2026-05-07,2026-02-12T21:00:00Z
AUTH-00128,P-00128,PENDING,2026-05-18,2026-02-16T02:00:00Z
AUTH-00129,P-00129,CONDITIONAL,2026-04-12,2026-02-18T18:00:00Z
AUTH-00130,P-00130,APPROVED,2026-07-05,2026-02-15T15:00:00Z
AUTH-00131,P-00131,APPROVED,2026-06-29,2026-02-17T04:00:00Z
AUTH-00132,P-00132,APPROVED,2026-07-06,2026-02-14T09:00:00Z
AUTH-00133,P-00133,APPROVED,2026-04-13,2026-02-18T21:00:00Z
AUTH-00134,P-00134,CONDITIONAL,2026-07-02,2026-02-15T14:00:00Z
AUTH-00135,P-00135,APPROVED,2026-03-24,2026-02-21T04:00:00Z
AUTH-00136,P-00136,APPROVED,2026-07-12,2026-02-17T20:00:00Z
AUTH-00137,P-00137,CONDITIONAL,2026-07-08,2026-02-17T03:00:00Z
AUTH-00138,P-00138,CONDITIONAL,2026-06-30,2026-02-18T22:00:00Z
AUTH-00139,P-00139,PENDING,2026-06-23,2026-02-16T23:00:00Z
AUTH-00140,P-00140,APPROVED,2026-05-26,2026-02-16T10:00:00Z
AUTH-00141,P-00141,CONDITIONAL,2026-07-14,2026-02-19T01:00:00Z
AUTH-00142,P-00142,APPROVED,2026-07-06,2026-02-20T15:00:00Z
AUTH-00143,P-00143,CONDITIONAL,2026-04-06,2026-02-16T19:00:00Z
AUTH-00144,P-00144,APPROVED,2026-04-07,2026-02-21T04:00:00Z
AUTH-00145,P-00145,APPROVED,2026-04-30,2026-02-20T14:00:00Z
AUTH-00146,P-00146,APPROVED,2026-06-09,2026-02-21T18:00:00Z
AUTH-00147,P-00147,APPROVED,2026-03-25,2026-02-20T10:00:00Z
AUTH-00148,P-00148,CONDITIONAL,2026-07-09,2026-02-24T01:00:00Z
AUTH-00149,P-00149,DENIED,2026-04-19,2026-02-20T23:00:00Z
AUTH-00150,P-00150,CONDITIONAL,2026-04-08,2026-02-21T16:00:00Z
AUTH-00151,P-00151,APPROVED,2026-06-08,2026-02-21T01:00:00Z
AUTH-00152,P-00152,CONDITIONAL,2026-07-13,2026-02-23T20:00:00Z
AUTH-00153,P-00153,CONDITIONAL,2026-06-02,2026-02-21T12:00:00Z
AUTH-00154,P-00154,CONDITIONAL,2026-03-22,2026-02-23T21:00:00Z
AUTH-00155,P-00155,APPROVED,2026-04-04,2026-02-22T16:00:00Z
AUTH-00156,P-00156,PENDING,2026-07-15,2026-02-21T21:00:00Z
AUTH-00157,P-00157,APPROVED,2026-04-14,2026-02-25T03:00:00Z
AUTH-00158,P-00158,CONDITIONAL,2026-05-10,2026-02-22T11:00:00Z
AUTH-00159,P-00159,CONDITIONAL,2026-04-30,2026-02-25T10:00:00Z
AUTH-00160,P-00160,APPROVED,2026-07-08,2026-02-26T10:00:00Z
AUTH-00161,P-00161,CONDITIONAL,2026-04-30,2026-02-24T16:00:00Z
AUTH-00162,P-00162,APPROVED,2026-06-22,2026-02-28T05:00:00Z
AUTH-00163,P-00163,APPROVED,2026-06-20,2026-02-23T09:00:00Z
AUTH-00164,P-00164,APPROVED,2026-07-10,2026-02-24T14:00:00Z
AUTH-00165,P-00165,CONDITIONAL,2026-04-24,2026-02-27T03:00:00Z
AUTH-00166,P-00166,APPROVED,2026-04-27,2026-02-24T20:00:00Z
AUTH-00167,P-00167,APPROVED,2026-06-19,2026-02-25T09:00:00Z
AUTH-00168,P-00168,APPROVED,2026-07-11,2026-02-26T10:00:00Z
AUTH-00169,P-00169,CONDITIONAL,2026-04-24,2026-02-27T08:00:00Z
AUTH-00170,P-00170,APPROVED,2026-06-02,2026-03-01T22:00:00Z
AUTH-00171,P-00171,PENDING,2026-06-17,2026-02-27T11:00:00Z
AUTH-00172,P-00172,PENDING,2026-06-19,2026-03-03T09:00:00Z
AUTH-00173,P-00173,APPROVED,2026-07-14,2026-02-27T22:00:00Z
AUTH-00174,P-00174,CONDITIONAL,2026-04-10,2026-02-28T13:00:00Z
AUTH-00175,P-00175,APPROVED,2026-05-20,2026-03-02T23:00:00Z
AUTH-00176,P-00176,PENDING,2026-07-14,2026-03-04T09:00:00Z
AUTH-00177,P-00177,APPROVED,2026-06-17,2026-02-28T09:00:00Z
AUTH-00178,P-00178,APPROVED,2026-03-29,2026-02-28T05:00:00Z
AUTH-00179,P-00179,APPROVED,2026-07-02,2026-03-03T03:00:00Z
AUTH-00180,P-00180,APPROVED,2026-05-24,2026-03-05T01:00:00Z
AUTH-00181,P-00181,PENDING,2026-06-02,2026-03-05T08:00:00Z
AUTH-00182,P-00182,CONDITIONAL,2026-04-04,2026-03-04T13:00:00Z
AUTH-00183,P-00183,APPROVED,2026-04-09,2026-03-02T06:00:00Z
AUTH-00184,P-00184,APPROVED,2026-07-03,2026-03-04T06:00:00Z
AUTH-00185,P-00185,APPROVED,2026-06-12,2026-03-07T21:00:00Z
AUTH-00186,P-00186,CONDITIONAL,2026-06-18,2026-03-05T08:00:00Z
AUTH-00187,P-00187,CONDITIONAL,2026-06-10,2026-03-02T18:00:00Z
AUTH-00188,P-00188,APPROVED,2026-07-16,2026-03-04T20:00:00Z
AUTH-00189,P-00189,APPROVED,2026-04-12,2026-03-06T07:00:00Z
AUTH-00190,P-00190,APPROVED,2026-07-15,2026-03-06T23:00:00Z
AUTH-00191,P-00191,APPROVED,2026-07-25,2026-03-04T22:00:00Z
AUTH-00192,P-00192,APPROVED,2026-04-16,2026-03-04T05:00:00Z
AUTH-00193,P-00193,CONDITIONAL,2026-07-20,2026-03-04T19:00:00Z
AUTH-00194,P-00194,PENDING,2026-05-22,2026-03-06T16:00:00Z
AUTH-00195,P-00195,APPROVED,2026-07-24,2026-03-07T03:00:00Z
AUTH-00196,P-00196,PENDING,2026-05-06,2026-03-08T21:00:00Z
AUTH-00197,P-00197,APPROVED,2026-07-10,2026-03-05T21:00:00Z
AUTH-00198,P-00198,CONDITIONAL,2026-06-18,2026-03-09T23:00:00Z
AUTH-00199,P-00199,APPROVED,2026-05-23,2026-03-10T13:00:00Z
AUTH-00200,P-00200,APPROVED,2026-05-09,2026-03-09T07:00:00Z
AUTH-00201,P-00201,APPROVED,2026-05-25,2026-03-07T17:00:00Z
AUTH-00202,P-00202,APPROVED,2026-04-07,2026-03-08T00:00:00Z
AUTH-00203,P-00203,CONDITIONAL,2026-04-12,2026-03-11T08:00:00Z
AUTH-00204,P-00204,PENDING,2026-06-27,2026-03-08T08:00:00Z
AUTH-00205,P-00205,CONDITIONAL,2026-05-01,2026-03-11T20:00:00Z
AUTH-00206,P-00206,PENDING,2026-05-15,2026-03-09T07:00:00Z
AUTH-00207,P-00207,APPROVED,2026-06-29,2026-03-13T20:00:00Z
AUTH-00208,P-00208,CONDITIONAL,2026-05-18,2026-03-09T21:00:00Z
AUTH-00209,P-00209,APPROVED,2026-06-10,2026-03-08T02:00:00Z
AUTH-00210,P-00210,APPROVED,2026-06-02,2026-03-11T20:00:00Z
AUTH-00211,P-00211,CONDITIONAL,2026-08-04,2026-03-11T02:00:00Z
AUTH-00212,P-00212,APPROVED,2026-06-10,2026-03-11T19:00:00Z
AUTH-00213,P-00213,APPROVED,2026-04-20,2026-03-10T02:00:00Z
AUTH-00214,P-00214,APPROVED,2026-07-19,2026-03-10T06:00:00Z
AUTH-00215,P-00215,APPROVED,2026-06-11,2026-03-11T12:00:00Z
AUTH-00216,P-00216,APPROVED,2026-07-18,2026-03-11T18:00:00Z
AUTH-00217,P-00217,APPROVED,2026-05-25,2026-03-10T21:00:00Z
AUTH-00218,P-00218,APPROVED,2026-05-02,2026-03-12T09:00:00Z
AUTH-00219,P-00219,CONDITIONAL,2026-05-10,2026-03-12T07:00:00Z
AUTH-00220,P-00220,PENDING,2026-06-21,2026-03-13T02:00:00Z
AUTH-00221,P-00221,APPROVED,2026-07-29,2026-03-14T03:00:00Z
AUTH-00222,P-00222,CONDITIONAL,2026-06-01,2026-03-17T15:00:00Z
AUTH-00223,P-00223,CONDITIONAL,2026-04-20,2026-03-16T04:00:00Z
AUTH-00224,P-00224,PENDING,2026-06-06,2026-03-16T19:00:00Z
AUTH-00225,P-00225,APPROVED,2026-04-29,2026-03-15T08:00:00Z
AUTH-00226,P-00226,APPROVED,2026-06-23,2026-03-17T10:00:00Z
AUTH-00227,P-00227,CONDITIONAL,2026-04-25,2026-03-13T09:00:00Z
AUTH-00228,P-00228,APPROVED,2026-06-12,2026-03-15T13:00:00Z
AUTH-00229,P-00229,PENDING,2026-07-22,2026-03-17T06:00:00Z
AUTH-00230,P-00230,CONDITIONAL,2026-06-03,2026-03-18T13:00:00Z
AUTH-00231,P-00231,APPROVED,2026-06-05,2026-03-18T01:00:00Z
AUTH-00232,P-00232,APPROVED,2026-04-20,2026-03-14T16:00:00Z
AUTH-00233,P-00233,APPROVED,2026-06-11,2026-03-19T07:00:00Z
AUTH-00234,P-00234,CONDITIONAL,2026-04-16,2026-03-17T21:00:00Z
AUTH-00235,P-00235,APPROVED,2026-05-05,2026-03-21T05:00:00Z
AUTH-00236,P-00236,APPROVED,2026-06-02,2026-03-20T10:00:00Z
AUTH-00237,P-00237,APPROVED,2026-04-18,2026-03-19T23:00:00Z
AUTH-00238,P-00238,CONDITIONAL,2026-05-22,2026-03-21T20:00:00Z
AUTH-00239,P-00239,PENDING,2026-05-27,2026-03-23T06:00:00Z
AUTH-00240,P-00240,APPROVED,2026-08-04,2026-03-22T02:00:00Z
AUTH-00241,P-00241,CONDITIONAL,2026-04-24,2026-03-19T14:00:00Z
AUTH-00242,P-00242,PENDING,2026-06-19,2026-03-23T01:00:00Z
AUTH-00243,P-00243,PENDING,2026-04-17,2026-03-18T05:00:00Z
AUTH-00244,P-00244,CONDITIONAL,2026-05-27,2026-03-24T22:00:00Z
AUTH-00245,P-00245,APPROVED,2026-06-15,2026-03-24T03:00:00Z
AUTH-00246,P-00246,PENDING,2026-04-29,2026-03-23T13:00:00Z
AUTH-00247,P-00247,APPROVED,2026-06-08,2026-03-24T12:00:00Z
AUTH-00248,P-00248,APPROVED,2026-07-26,2026-03-24T01:00:00Z
AUTH-00249,P-00249,APPROVED,2026-06-15,2026-03-21T13:00:00Z
AUTH-00250,P-00250,APPROVED,2026-07-20,2026-03-22T00:00:00Z
AUTH-00251,P-00251,APPROVED,2026-07-24,2026-03-20T13:00:00Z
AUTH-00252,P-00252,APPROVED,2026-07-20,2026-03-25T12:00:00Z
AUTH-00253,P-00253,APPROVED,2026-07-26,2026-03-24T12:00:00Z
AUTH-00254,P-00254,APPROVED,2026-07-29,2026-03-23T04:00:00Z
AUTH-00255,P-00255,APPROVED,2026-05-05,2026-03-25T19:00:00Z
AUTH-00256,P-00256,PENDING,2026-07-04,2026-03-27T08:00:00Z
AUTH-00257,P-00257,APPROVED,2026-05-07,2026-03-22T10:00:00Z
AUTH-00258,P-00258,PENDING,2026-08-12,2026-03-28T16:00:00Z
AUTH-00259,P-00259,APPROVED,2026-05-26,2026-03-25T10:00:00Z
AUTH-00260,P-00260,APPROVED,2026-05-22,2026-03-26T22:00:00Z
AUTH-00261,P-00261,PENDING,2026-05-16,2026-03-27T16:00:00Z
AUTH-00262,P-00262,APPROVED,2026-07-21,2026-03-26T04:00:00Z
AUTH-00263,P-00263,APPROVED,2026-05-06,2026-03-24T04:00:00Z
AUTH-00264,P-00264,PENDING,2026-04-29,2026-03-30T09:00:00Z
AUTH-00265,P-00265,CONDITIONAL,2026-06-10,2026-03-28T18:00:00Z
AUTH-00266,P-00266,APPROVED,2026-07-26,2026-03-29T05:00:00Z
AUTH-00267,P-00267,APPROVED,2026-06-22,2026-03-29T08:00:00Z
AUTH-00268,P-00268,APPROVED,2026-06-10,2026-03-28T05:00:00Z
AUTH-00269,P-00269,APPROVED,2026-07-27,2026-03-27T00:00:00Z
AUTH-00270,P-00270,PENDING,2026-07-05,2026-03-30T13:00:00Z
AUTH-00271,P-00271,APPROVED,2026-07-02,2026-03-29T09:00:00Z
AUTH-00272,P-00272,APPROVED,2026-06-22,2026-03-30T19:00:00Z
AUTH-00273,P-00273,APPROVED,2026-08-15,2026-03-31T16:00:00Z
AUTH-00274,P-00274,APPROVED,2026-04-29,2026-03-28T13:00:00Z
AUTH-00275,P-00275,APPROVED,2026-06-20,2026-04-01T19:00:00Z
AUTH-00276,P-00276,APPROVED,2026-08-04,2026-04-02T04:00:00Z
AUTH-00277,P-00277,APPROVED,2026-05-31,2026-03-31T21:00:00Z
AUTH-00278,P-00278,APPROVED,2026-07-07,2026-04-01T21:00:00Z
AUTH-00279,P-00279,CONDITIONAL,2026-05-11,2026-04-02T19:00:00Z
AUTH-00280,P-00280,APPROVED,2026-05-04,2026-03-28T19:00:00Z
AUTH-00281,P-00281,PENDING,2026-08-26,2026-03-31T12:00:00Z
AUTH-00282,P-00282,APPROVED,2026-07-09,2026-04-04T00:00:00Z
AUTH-00283,P-00283,PENDING,2026-05-18,2026-04-02T10:00:00Z
AUTH-00284,P-00284,APPROVED,2026-05-03,2026-04-04T12:00:00Z
AUTH-00285,P-00285,PENDING,2026-08-09,2026-04-02T11:00:00Z
AUTH-00286,P-00286,CONDITIONAL,2026-05-14,2026-04-01T04:00:00Z
AUTH-00287,P-00287,CONDITIONAL,2026-06-26,2026-04-05T18:00:00Z
AUTH-00288,P-00288,APPROVED,2026-05-21,2026-04-03T03:00:00Z
AUTH-00289,P-00289,CONDITIONAL,2026-08-29,2026-04-02T03:00:00Z
AUTH-00290,P-00290,APPROVED,2026-07-17,2026-04-03T11:00:00Z
AUTH-00291,P-00291,PENDING,2026-08-03,2026-04-02T15:00:00Z
AUTH-00292,P-00292,APPROVED,2026-08-22,2026-04-02T11:00:00Z
AUTH-00293,P-00293,APPROVED,2026-05-18,2026-04-05T13:00:00Z
AUTH-00294,P-00294,APPROVED,2026-06-12,2026-04-06T21:00:00Z
AUTH-00295,P-00295,CONDITIONAL,2026-07-21,2026-04-07T18:00:00Z
AUTH-00296,P-00296,PENDING,2026-06-20,2026-04-08T00:00:00Z
AUTH-00297,P-00297,APPROVED,2026-08-03,2026-04-02T18:00:00Z
AUTH-00298,P-00298,DENIED,2026-06-23,2026-04-07T17:00:00Z
AUTH-00299,P-00299,PENDING,2026-08-13,2026-04-05T23:00:00Z
AUTH-00300,P-00300,APPROVED,2026-08-13,2026-04-05T03:00:00Z
AUTH-00301,P-00301,APPROVED,2026-07-28,2026-04-07T22:00:00Z
AUTH-00302,P-00302,APPROVED,2026-05-12,2026-04-09T08:00:00Z
AUTH-00303,P-00303,APPROVED,2026-06-19,2026-04-05T17:00:00Z
AUTH-00304,P-00304,CONDITIONAL,2026-08-28,2026-04-06T12:00:00Z
AUTH-00305,P-00305,PENDING,2026-06-30,2026-04-09T14:00:00Z
AUTH-00306,P-00306,APPROVED,2026-05-10,2026-04-07T23:00:00Z
AUTH-00307,P-00307,APPROVED,2026-07-01,2026-04-08T15:00:00Z
AUTH-00308,P-00308,APPROVED,2026-08-19,2026-04-10T17:00:00Z
AUTH-00309,P-00309,APPROVED,2026-08-14,2026-04-08T01:00:00Z
AUTH-00310,P-00310,APPROVED,2026-08-13,2026-04-09T17:00:00Z
AUTH-00311,P-00311,APPROVED,2026-07-20,2026-04-12T15:00:00Z
AUTH-00312,P-00312,APPROVED,2026-06-07,2026-04-13T11:00:00Z
AUTH-00313,P-00313,PENDING,2026-06-24,2026-04-10T06:00:00Z
AUTH-00314,P-00314,APPROVED,2026-07-30,2026-04-12T18:00:00Z
AUTH-00315,P-00315,PENDING,2026-06-02,2026-04-12T03:00:00Z
AUTH-00316,P-00316,APPROVED,2026-08-27,2026-04-08T16:00:00Z
AUTH-00317,P-00317,APPROVED,2026-07-09,2026-04-10T14:00:00Z
AUTH-00318,P-00318,PENDING,2026-06-08,2026-04-12T05:00:00Z
AUTH-00319,P-00319,APPROVED,2026-08-09,2026-04-14T20:00:00Z
AUTH-00320,P-00320,CONDITIONAL,2026-05-25,2026-04-12T04:00:00Z
AUTH-00321,P-00321,APPROVED,2026-05-22,2026-04-11T17:00:00Z
AUTH-00322,P-00322,APPROVED,2026-05-22,2026-04-14T12:00:00Z
AUTH-00323,P-00323,PENDING,2026-05-26,2026-04-14T21:00:00Z
AUTH-00324,P-00324,APPROVED,2026-05-15,2026-04-10T22:00:00Z
AUTH-00325,P-00325,APPROVED,2026-07-21,2026-04-15T03:00:00Z
AUTH-00326,P-00326,PENDING,2026-05-20,2026-04-16T12:00:00Z
AUTH-00327,P-00327,CONDITIONAL,2026-07-12,2026-04-15T19:00:00Z
AUTH-00328,P-00328,APPROVED,2026-08-25,2026-04-16T05:00:00Z
AUTH-00329,P-00329,APPROVED,2026-09-06,2026-04-16T22:00:00Z
AUTH-00330,P-00330,CONDITIONAL,2026-07-25,2026-04-16T11:00:00Z
AUTH-00331,P-00331,APPROVED,2026-08-13,2026-04-15T21:00:00Z
AUTH-00332,P-00332,APPROVED,2026-08-07,2026-04-14T21:00:00Z
AUTH-00333,P-00333,APPROVED,2026-06-28,2026-04-14T17:00:00Z
AUTH-00334,P-00334,APPROVED,2026-08-27,2026-04-18T21:00:00Z
AUTH-00335,P-00335,CONDITIONAL,2026-05-24,2026-04-16T07:00:00Z
AUTH-00336,P-00336,PENDING,2026-05-30,2026-04-19T09:00:00Z
AUTH-00337,P-00337,APPROVED,2026-05-25,2026-04-17T09:00:00Z
AUTH-00338,P-00338,PENDING,2026-07-09,2026-04-19T01:00:00Z
AUTH-00339,P-00339,PENDING,2026-07-08,2026-04-20T09:00:00Z
AUTH-00340,P-00340,APPROVED,2026-08-28,2026-04-17T01:00:00Z
AUTH-00341,P-00341,APPROVED,2026-07-09,2026-04-18T21:00:00Z
AUTH-00342,P-00342,APPROVED,2026-07-28,2026-04-16T05:00:00Z
AUTH-00343,P-00343,APPROVED,2026-06-20,2026-04-18T08:00:00Z
AUTH-00344,P-00344,CONDITIONAL,2026-08-24,2026-04-20T05:00:00Z
AUTH-00345,P-00345,CONDITIONAL,2026-08-18,2026-04-20T06:00:00Z
AUTH-00346,P-00346,PENDING,2026-08-16,2026-04-16T22:00:00Z
AUTH-00347,P-00347,PENDING,2026-05-29,2026-04-17T05:00:00Z
AUTH-00348,P-00348,APPROVED,2026-06-30,2026-04-19T10:00:00Z
AUTH-00349,P-00349,PENDING,2026-06-04,2026-04-22T06:00:00Z
AUTH-00350,P-00350,APPROVED,2026-08-07,2026-04-21T15:00:00Z
AUTH-00351,P-00351,APPROVED,2026-08-17,2026-04-19T21:00:00Z
AUTH-00352,P-00352,CONDITIONAL,2026-08-09,2026-04-25T10:00:00Z
AUTH-00353,P-00353,APPROVED,2026-06-06,2026-04-24T08:00:00Z
AUTH-00354,P-00354,PENDING,2026-08-11,2026-04-25T17:00:00Z
AUTH-00355,P-00355,APPROVED,2026-06-23,2026-04-21T10:00:00Z
AUTH-00356,P-00356,CONDITIONAL,2026-07-23,2026-04-21T18:00:00Z
AUTH-00357,P-00357,APPROVED,2026-06-06,2026-04-20T16:00:00Z
AUTH-00358,P-00358,PENDING,2026-06-21,2026-04-23T15:00:00Z
AUTH-00359,P-00359,PENDING,2026-06-03,2026-04-26T16:00:00Z
AUTH-00360,P-00360,APPROVED,2026-08-11,2026-04-22T01:00:00Z
AUTH-00361,P-00361,APPROVED,2026-06-26,2026-04-25T12:00:00Z
AUTH-00362,P-00362,APPROVED,2026-07-20,2026-04-27T02:00:00Z
AUTH-00363,P-00363,APPROVED,2026-08-18,2026-04-25T09:00:00Z
AUTH-00364,P-00364,APPROVED,2026-06-26,2026-04-24T22:00:00Z
AUTH-00365,P-00365,APPROVED,2026-06-09,2026-04-28T05:00:00Z
AUTH-00366,P-00366,APPROVED,2026-08-27,2026-04-24T03:00:00Z
AUTH-00367,P-00367,APPROVED,2026-06-07,2026-04-29T21:00:00Z
AUTH-00368,P-00368,PENDING,2026-07-13,2026-04-25T04:00:00Z
AUTH-00369,P-00369,APPROVED,2026-07-21,2026-04-28T22:00:00Z
AUTH-00370,P-00370,APPROVED,2026-09-01,2026-04-29T19:00:00Z
AUTH-00371,P-00371,CONDITIONAL,2026-07-17,2026-04-27T20:00:00Z
AUTH-00372,P-00372,APPROVED,2026-09-15,2026-04-28T10:00:00Z
AUTH-00373,P-00373,APPROVED,2026-06-28,2026-04-29T22:00:00Z
AUTH-00374,P-00374,APPROVED,2026-06-04,2026-04-28T23:00:00Z
AUTH-00375,P-00375,APPROVED,2026-06-30,2026-04-25T23:00:00Z
AUTH-00376,P-00376,APPROVED,2026-08-04,2026-04-25T16:00:00Z
AUTH-00377,P-00377,CONDITIONAL,2026-08-07,2026-04-28T04:00:00Z
AUTH-00378,P-00378,CONDITIONAL,2026-06-30,2026-04-29T16:00:00Z
AUTH-00379,P-00379,APPROVED,2026-09-07,2026-04-29T16:00:00Z
AUTH-00380,P-00380,APPROVED,2026-05-30,2026-04-28T20:00:00Z
AUTH-00381,P-00381,APPROVED,2026-08-24,2026-04-28T01:00:00Z
AUTH-00382,P-00382,APPROVED,2026-08-15,2026-04-29T00:00:00Z
AUTH-00383,P-00383,CONDITIONAL,2026-08-09,2026-05-03T14:00:00Z
AUTH-00384,P-00384,APPROVED,2026-08-08,2026-05-01T05:00:00Z
AUTH-00385,P-00385,PENDING,2026-07-08,2026-05-01T10:00:00Z
AUTH-00386,P-00386,PENDING,2026-07-14,2026-05-03T11:00:00Z
AUTH-00387,P-00387,PENDING,2026-09-18,2026-04-28T22:00:00Z
AUTH-00388,P-00388,APPROVED,2026-08-25,2026-05-01T09:00:00Z
AUTH-00389,P-00389,APPROVED,2026-08-11,2026-05-06T05:00:00Z
AUTH-00390,P-00390,CONDITIONAL,2026-07-16,2026-05-05T11:00:00Z
AUTH-00391,P-00391,APPROVED,2026-05-31,2026-04-30T12:00:00Z
AUTH-00392,P-00392,APPROVED,2026-08-08,2026-05-05T03:00:00Z
AUTH-00393,P-00393,CONDITIONAL,2026-08-24,2026-05-01T15:00:00Z
AUTH-00394,P-00394,APPROVED,2026-06-12,2026-05-06T08:00:00Z
AUTH-00395,P-00395,PENDING,2026-07-11,2026-05-02T05:00:00Z
AUTH-00396,P-00396,CONDITIONAL,2026-06-25,2026-05-08T12:00:00Z
AUTH-00397,P-00397,CONDITIONAL,2026-08-22,2026-05-05T02:00:00Z
AUTH-00398,P-00398,APPROVED,2026-09-15,2026-05-08T17:00:00Z
AUTH-00399,P-00399,APPROVED,2026-08-18,2026-05-08T04:00:00Z
AUTH-00400,P-00400,PENDING,2026-06-29,2026-05-04T23:00:00Z
AUTH-00401,P-00401,APPROVED,2026-06-18,2026-05-07T02:00:00Z
AUTH-00402,P-00402,APPROVED,2026-07-09,2026-05-04T00:00:00Z
AUTH-00403,P-00403,APPROVED,2026-07-05,2026-05-03T22:00:00Z
AUTH-00404,P-00404,APPROVED,2026-07-07,2026-05-08T09:00:00Z
AUTH-00405,P-00405,APPROVED,2026-09-12,2026-05-04T19:00:00Z
AUTH-00406,P-00406,APPROVED,2026-08-06,2026-05-10T01:00:00Z
AUTH-00407,P-00407,PENDING,2026-06-22,2026-05-07T01:00:00Z
AUTH-00408,P-00408,APPROVED,2026-07-29,2026-05-08T18:00:00Z
AUTH-00409,P-00409,APPROVED,2026-07-14,2026-05-12T00:00:00Z
AUTH-00410,P-00410,PENDING,2026-06-19,2026-05-07T20:00:00Z
AUTH-00411,P-00411,CONDITIONAL,2026-08-23,2026-05-11T08:00:00Z
AUTH-00412,P-00412,APPROVED,2026-07-01,2026-05-11T06:00:00Z
AUTH-00413,P-00413,CONDITIONAL,2026-06-20,2026-05-12T19:00:00Z
AUTH-00414,P-00414,PENDING,2026-07-19,2026-05-09T22:00:00Z
AUTH-00415,P-00415,APPROVED,2026-07-05,2026-05-07T07:00:00Z
AUTH-00416,P-00416,PENDING,2026-09-18,2026-05-08T12:00:00Z
AUTH-00417,P-00417,PENDING,2026-09-01,2026-05-10T01:00:00Z
AUTH-00418,P-00418,CONDITIONAL,2026-10-03,2026-05-10T04:00:00Z
AUTH-00419,P-00419,APPROVED,2026-08-15,2026-05-08T21:00:00Z
AUTH-00420,P-00420,APPROVED,2026-08-03,2026-05-11T18:00:00Z
AUTH-00421,P-00421,APPROVED,2026-06-07,2026-05-12T10:00:00Z
AUTH-00422,P-00422,APPROVED,2026-10-06,2026-05-11T02:00:00Z
AUTH-00423,P-00423,CONDITIONAL,2026-08-13,2026-05-10T17:00:00Z
AUTH-00424,P-00424,APPROVED,2026-07-29,2026-05-11T06:00:00Z
AUTH-00425,P-00425,APPROVED,2026-09-10,2026-05-16T07:00:00Z
AUTH-00426,P-00426,APPROVED,2026-08-07,2026-05-11T21:00:00Z
AUTH-00427,P-00427,APPROVED,2026-09-22,2026-05-13T14:00:00Z
AUTH-00428,P-00428,APPROVED,2026-08-07,2026-05-13T19:00:00Z
AUTH-00429,P-00429,APPROVED,2026-06-30,2026-05-13T02:00:00Z
AUTH-00430,P-00430,APPROVED,2026-08-21,2026-05-14T06:00:00Z
AUTH-00431,P-00431,CONDITIONAL,2026-06-13,2026-05-15T22:00:00Z
AUTH-00432,P-00432,PENDING,2026-09-04,2026-05-14T03:00:00Z
AUTH-00433,P-00433,APPROVED,2026-07-15,2026-05-17T21:00:00Z
AUTH-00434,P-00434,CONDITIONAL,2026-06-19,2026-05-14T18:00:00Z
AUTH-00435,P-00435,CONDITIONAL,2026-09-13,2026-05-16T09:00:00Z
AUTH-00436,P-00436,CONDITIONAL,2026-09-30,2026-05-16T18:00:00Z
AUTH-00437,P-00437,CONDITIONAL,2026-09-16,2026-05-15T20:00:00Z
AUTH-00438,P-00438,APPROVED,2026-08-07,2026-05-16T12:00:00Z
AUTH-00439,P-00439,CONDITIONAL,2026-09-24,2026-05-17T16:00:00Z
AUTH-00440,P-00440,CONDITIONAL,2026-07-17,2026-05-18T15:00:00Z
AUTH-00441,P-00441,APPROVED,2026-08-27,2026-05-19T13:00:00Z
AUTH-00442,P-00442,APPROVED,2026-08-16,2026-05-17T05:00:00Z
AUTH-00443,P-00443,APPROVED,2026-09-05,2026-05-19T20:00:00Z
AUTH-00444,P-00444,CONDITIONAL,2026-07-29,2026-05-18T17:00:00Z
AUTH-00445,P-00445,PENDING,2026-09-24,2026-05-18T20:00:00Z
AUTH-00446,P-00446,CONDITIONAL,2026-07-19,2026-05-19T09:00:00Z
AUTH-00447,P-00447,DENIED,2026-09-29,2026-05-19T11:00:00Z
AUTH-00448,P-00448,APPROVED,2026-08-21,2026-05-21T19:00:00Z
AUTH-00449,P-00449,APPROVED,2026-07-31,2026-05-18T18:00:00Z
AUTH-00450,P-00450,APPROVED,2026-07-02,2026-05-19T19:00:00Z
AUTH-00451,P-00451,PENDING,2026-07-23,2026-05-18T20:00:00Z
AUTH-00452,P-00452,APPROVED,2026-06-16,2026-05-18T10:00:00Z
AUTH-00453,P-00453,APPROVED,2026-07-11,2026-05-22T09:00:00Z
AUTH-00454,P-00454,APPROVED,2026-07-18,2026-05-21T10:00:00Z
AUTH-00455,P-00455,PENDING,2026-10-11,2026-05-23T01:00:00Z
AUTH-00456,P-00456,CONDITIONAL,2026-08-25,2026-05-24T00:00:00Z
AUTH-00457,P-00457,APPROVED,2026-08-10,2026-05-23T12:00:00Z
AUTH-00458,P-00458,APPROVED,2026-08-11,2026-05-25T18:00:00Z
AUTH-00459,P-00459,PENDING,2026-08-06,2026-05-21T22:00:00Z
AUTH-00460,P-00460,CONDITIONAL,2026-07-16,2026-05-22T10:00:00Z
AUTH-00461,P-00461,APPROVED,2026-10-04,2026-05-22T22:00:00Z
AUTH-00462,P-00462,APPROVED,2026-09-14,2026-05-23T18:00:00Z
AUTH-00463,P-00463,CONDITIONAL,2026-08-15,2026-05-25T08:00:00Z
AUTH-00464,P-00464,APPROVED,2026-09-05,2026-05-22T15:00:00Z
AUTH-00465,P-00465,PENDING,2026-08-20,2026-05-26T10:00:00Z
AUTH-00466,P-00466,PENDING,2026-08-07,2026-05-22T15:00:00Z
AUTH-00467,P-00467,CONDITIONAL,2026-07-25,2026-05-24T09:00:00Z
AUTH-00468,P-00468,CONDITIONAL,2026-09-27,2026-05-25T00:00:00Z
AUTH-00469,P-00469,PENDING,2026-10-15,2026-05-26T05:00:00Z
AUTH-00470,P-00470,PENDING,2026-08-29,2026-05-24T22:00:00Z
AUTH-00471,P-00471,PENDING,2026-09-30,2026-05-25T17:00:00Z
AUTH-00472,P-00472,CONDITIONAL,2026-10-07,2026-05-25T01:00:00Z
AUTH-00473,P-00473,CONDITIONAL,2026-07-17,2026-05-28T02:00:00Z
AUTH-00474,P-00474,PENDING,2026-09-25,2026-05-25T07:00:00Z
AUTH-00475,P-00475,CONDITIONAL,2026-09-06,2026-05-30T11:00:00Z
AUTH-00476,P-00476,APPROVED,2026-08-22,2026-05-29T11:00:00Z
AUTH-00477,P-00477,APPROVED,2026-07-21,2026-05-29T12:00:00Z
AUTH-00478,P-00478,CONDITIONAL,2026-08-14,2026-05-31T02:00:00Z
AUTH-00479,P-00479,PENDING,2026-10-07,2026-05-28T04:00:00Z
AUTH-00480,P-00480,APPROVED,2026-10-16,2026-05-31T04:00:00Z
AUTH-00481,P-00481,CONDITIONAL,2026-08-21,2026-05-27T01:00:00Z
AUTH-00482,P-00482,APPROVED,2026-08-25,2026-05-29T11:00:00Z
AUTH-00483,P-00483,PENDING,2026-10-17,2026-05-29T23:00:00Z
AUTH-00484,P-00484,APPROVED,2026-10-04,2026-05-30T23:00:00Z
AUTH-00485,P-00485,PENDING,2026-09-23,2026-05-29T17:00:00Z
AUTH-00486,P-00486,APPROVED,2026-08-15,2026-05-30T12:00:00Z
AUTH-00487,P-00487,APPROVED,2026-07-01,2026-06-03T08:00:00Z
AUTH-00488,P-00488,APPROVED,2026-08-25,2026-05-29T19:00:00Z
AUTH-00489,P-00489,APPROVED,2026-07-10,2026-05-30T16:00:00Z
AUTH-00490,P-00490,APPROVED,2026-08-21,2026-06-02T02:00:00Z
AUTH-00491,P-00491,CONDITIONAL,2026-07-28,2026-06-01T23:00:00Z
AUTH-00492,P-00492,APPROVED,2026-09-11,2026-05-31T10:00:00Z
AUTH-00493,P-00493,APPROVED,2026-07-12,2026-06-01T03:00:00Z
AUTH-00494,P-00494,APPROVED,2026-08-27,2026-06-02T23:00:00Z
AUTH-00495,P-00495,CONDITIONAL,2026-07-03,2026-06-01T19:00:00Z
AUTH-00496,P-00496,PENDING,2026-07-28,2026-06-02T09:00:00Z
AUTH-00497,P-00497,APPROVED,2026-09-15,2026-06-06T07:00:00Z
AUTH-00498,P-00498,PENDING,2026-09-15,2026-06-03T15:00:00Z
AUTH-00499,P-00499,APPROVED,2026-08-28,2026-06-05T00:00:00Z
AUTH-00500,P-00500,APPROVED,2026-07-03,2026-06-02T00:00:00Z
AUTH-00501,P-00501,CONDITIONAL,2026-07-16,2026-06-03T13:00:00Z
AUTH-00502,P-00502,APPROVED,2026-07-20,2026-06-02T02:00:00Z
AUTH-00503,P-00503,PENDING,2026-09-26,2026-06-03T03:00:00Z
AUTH-00504,P-00504,APPROVED,2026-09-04,2026-06-06T15:00:00Z
AUTH-00505,P-00505,PENDING,2026-08-29,2026-06-03T18:00:00Z
AUTH-00506,P-00506,APPROVED,2026-09-23,2026-06-07T02:00:00Z
AUTH-00507,P-00507,CONDITIONAL,2026-08-11,2026-06-06T06:00:00Z
AUTH-00508,P-00508,APPROVED,2026-10-05,2026-06-05T08:00:00Z
AUTH-00509,P-00509,PENDING,2026-10-19,2026-06-08T19:00:00Z
AUTH-00510,P-00510,CONDITIONAL,2026-10-02,2026-06-09T05:00:00Z
AUTH-00511,P-00511,CONDITIONAL,2026-09-20,2026-06-09T04:00:00Z
AUTH-00512,P-00512,PENDING,2026-07-26,2026-06-07T00:00:00Z
AUTH-00513,P-00513,PENDING,2026-08-27,2026-06-07T17:00:00Z
AUTH-00514,P-00514,APPROVED,2026-10-27,2026-06-07T08:00:00Z
AUTH-00515,P-00515,APPROVED,2026-10-05,2026-06-10T11:00:00Z
AUTH-00516,P-00516,APPROVED,2026-09-16,2026-06-09T17:00:00Z
AUTH-00517,P-00517,APPROVED,2026-08-21,2026-06-07T06:00:00Z
AUTH-00518,P-00518,APPROVED,2026-07-10,2026-06-09T19:00:00Z
AUTH-00519,P-00519,APPROVED,2026-07-18,2026-06-09T16:00:00Z
AUTH-00520,P-00520,APPROVED,2026-09-22,2026-06-12T20:00:00Z
AUTH-00521,P-00521,APPROVED,2026-09-13,2026-06-10T15:00:00Z
AUTH-00522,P-00522,PENDING,2026-10-06,2026-06-10T22:00:00Z
AUTH-00523,P-00523,APPROVED,2026-07-22,2026-06-10T11:00:00Z
AUTH-00524,P-00524,APPROVED,2026-10-16,2026-06-11T00:00:00Z
AUTH-00525,P-00525,APPROVED,2026-09-09,2026-06-15T00:00:00Z
AUTH-00526,P-00526,APPROVED,2026-11-05,2026-06-10T13:00:00Z
AUTH-00527,P-00527,CONDITIONAL,2026-08-20,2026-06-09T17:00:00Z
AUTH-00528,P-00528,APPROVED,2026-08-08,2026-06-11T10:00:00Z
AUTH-00529,P-00529,PENDING,2026-08-04,2026-06-13T13:00:00Z
AUTH-00530,P-00530,APPROVED,2026-10-24,2026-06-13T19:00:00Z
AUTH-00531,P-00531,PENDING,2026-09-27,2026-06-14T21:00:00Z
AUTH-00532,P-00532,APPROVED,2026-09-07,2026-06-14T10:00:00Z
AUTH-00533,P-00533,APPROVED,2026-10-24,2026-06-14T14:00:00Z
AUTH-00534,P-00534,CONDITIONAL,2026-10-08,2026-06-10T22:00:00Z
AUTH-00535,P-00535,APPROVED,2026-10-28,2026-06-13T07:00:00Z
AUTH-00536,P-00536,PENDING,2026-10-13,2026-06-17T00:00:00Z
AUTH-00537,P-00537,APPROVED,2026-09-27,2026-06-14T14:00:00Z
AUTH-00538,P-00538,APPROVED,2026-07-23,2026-06-15T14:00:00Z
AUTH-00539,P-00539,APPROVED,2026-10-04,2026-06-17T12:00:00Z
AUTH-00540,P-00540,PENDING,2026-11-01,2026-06-13T10:00:00Z
AUTH-00541,P-00541,APPROVED,2026-10-11,2026-06-16T09:00:00Z
AUTH-00542,P-00542,APPROVED,2026-10-03,2026-06-13T08:00:00Z
AUTH-00543,P-00543,APPROVED,2026-10-24,2026-06-15T11:00:00Z
AUTH-00544,P-00544,APPROVED,2026-10-22,2026-06-20T15:00:00Z
AUTH-00545,P-00545,APPROVED,2026-09-28,2026-06-17T21:00:00Z
AUTH-00546,P-00546,APPROVED,2026-09-10,2026-06-18T11:00:00Z
AUTH-00547,P-00547,CONDITIONAL,2026-08-12,2026-06-15T19:00:00Z
AUTH-00548,P-00548,PENDING,2026-07-16,2026-06-16T03:00:00Z
AUTH-00549,P-00549,APPROVED,2026-10-26,2026-06-18T10:00:00Z
AUTH-00550,P-00550,CONDITIONAL,2026-08-20,2026-06-17T18:00:00Z
AUTH-00551,P-00551,APPROVED,2026-07-17,2026-06-16T16:00:00Z
AUTH-00552,P-00552,APPROVED,2026-10-29,2026-06-20T12:00:00Z
AUTH-00553,P-00553,APPROVED,2026-08-12,2026-06-18T20:00:00Z
AUTH-00554,P-00554,APPROVED,2026-08-27,2026-06-18T06:00:00Z
AUTH-00555,P-00555,APPROVED,2026-09-21,2026-06-18T20:00:00Z
AUTH-00556,P-00556,CONDITIONAL,2026-08-19,2026-06-24T02:00:00Z
AUTH-00557,P-00557,PENDING,2026-08-22,2026-06-22T17:00:00Z
AUTH-00558,P-00558,CONDITIONAL,2026-09-08,2026-06-19T04:00:00Z
AUTH-00559,P-00559,APPROVED,2026-08-23,2026-06-21T07:00:00Z
AUTH-00560,P-00560,APPROVED,2026-08-20,2026-06-23T10:00:00Z
AUTH-00561,P-00561,PENDING,2026-08-28,2026-06-22T17:00:00Z
AUTH-00562,P-00562,APPROVED,2026-08-24,2026-06-21T14:00:00Z
AUTH-00563,P-00563,APPROVED,2026-08-20,2026-06-22T23:00:00Z
AUTH-00564,P-00564,PENDING,2026-11-16,2026-06-25T04:00:00Z
AUTH-00565,P-00565,APPROVED,2026-07-28,2026-06-20T04:00:00Z
AUTH-00566,P-00566,PENDING,2026-07-29,2026-06-27T01:00:00Z
AUTH-00567,P-00567,PENDING,2026-09-20,2026-06-25T20:00:00Z
AUTH-00568,P-00568,APPROVED,2026-10-19,2026-06-22T03:00:00Z
AUTH-00569,P-00569,APPROVED,2026-10-02,2026-06-23T13:00:00Z
AUTH-00570,P-00570,APPROVED,2026-08-31,2026-06-24T08:00:00Z
AUTH-00571,P-00571,PENDING,2026-08-22,2026-06-23T01:00:00Z
AUTH-00572,P-00572,PENDING,2026-10-17,2026-06-26T02:00:00Z
AUTH-00573,P-00573,PENDING,2026-08-24,2026-06-28T10:00:00Z
AUTH-00574,P-00574,APPROVED,2026-07-30,2026-06-23T14:00:00Z
AUTH-00575,P-00575,PENDING,2026-08-10,2026-06-24T12:00:00Z
AUTH-00576,P-00576,APPROVED,2026-10-12,2026-06-28T06:00:00Z
AUTH-00577,P-00577,APPROVED,2026-09-29,2026-06-27T04:00:00Z
AUTH-00578,P-00578,PENDING,2026-08-17,2026-06-28T16:00:00Z
AUTH-00579,P-00579,APPROVED,2026-11-18,2026-06-28T02:00:00Z
AUTH-00580,P-00580,APPROVED,2026-10-06,2026-06-27T15:00:00Z
AUTH-00581,P-00581,APPROVED,2026-09-29,2026-06-27T03:00:00Z
AUTH-00582,P-00582,APPROVED,2026-11-07,2026-06-26T21:00:00Z
AUTH-00583,P-00583,PENDING,2026-09-29,2026-06-30T06:00:00Z
AUTH-00584,P-00584,APPROVED,2026-08-06,2026-06-26T19:00:00Z
AUTH-00585,P-00585,APPROVED,2026-11-12,2026-06-27T00:00:00Z
AUTH-00586,P-00586,PENDING,2026-10-18,2026-06-29T00:00:00Z
AUTH-00587,P-00587,PENDING,2026-09-12,2026-06-27T15:00:00Z
AUTH-00588,P-00588,APPROVED,2026-10-02,2026-07-01T22:00:00Z
AUTH-00589,P-00589,PENDING,2026-08-05,2026-06-30T16:00:00Z
AUTH-00590,P-00590,PENDING,2026-09-19,2026-07-02T10:00:00Z
AUTH-00591,P-00591,PENDING,2026-11-13,2026-07-01T05:00:00Z
AUTH-00592,P-00592,CONDITIONAL,2026-10-02,2026-07-01T03:00:00Z
AUTH-00593,P-00593,APPROVED,2026-08-09,2026-06-30T16:00:00Z
AUTH-00594,P-00594,CONDITIONAL,2026-11-06,2026-07-01T10:00:00Z
AUTH-00595,P-00595,CONDITIONAL,2026-08-19,2026-06-30T15:00:00Z
AUTH-00596,P-00596,DENIED,2026-08-04,2026-06-30T14:00:00Z
AUTH-00597,P-00597,CONDITIONAL,2026-10-20,2026-07-04T00:00:00Z
AUTH-00598,P-00598,APPROVED,2026-10-06,2026-07-02T16:00:00Z
AUTH-00599,P-00599,PENDING,2026-09-30,2026-07-03T03:00:00Z
AUTH-00600,P-00600,PENDING,2026-09-01,2026-07-05T20:00:00Z
AUTH-00601,P-00601,APPROVED,2026-09-27,2026-07-03T02:00:00Z
AUTH-00602,P-00602,PENDING,2026-09-05,2026-07-03T19:00:00Z
AUTH-00603,P-00603,CONDITIONAL,2026-10-15,2026-07-05T15:00:00Z
AUTH-00604,P-00604,APPROVED,2026-10-01,2026-07-06T14:00:00Z
AUTH-00605,P-00605,APPROVED,2026-09-20,2026-07-04T12:00:00Z
AUTH-00606,P-00606,APPROVED,2026-09-11,2026-07-03T23:00:00Z
AUTH-00607,P-00607,APPROVED,2026-08-09,2026-07-04T18:00:00Z
AUTH-00608,P-00608,APPROVED,2026-10-26,2026-07-06T13:00:00Z
AUTH-00609,P-00609,PENDING,2026-09-08,2026-07-05T10:00:00Z
AUTH-00610,P-00610,APPROVED,2026-09-26,2026-07-09T20:00:00Z
AUTH-00611,P-00611,APPROVED,2026-10-06,2026-07-07T12:00:00Z
AUTH-00612,P-00612,APPROVED,2026-08-16,2026-07-07T23:00:00Z
AUTH-00613,P-00613,APPROVED,2026-10-06,2026-07-08T13:00:00Z
AUTH-00614,P-00614,APPROVED,2026-09-02,2026-07-09T03:00:00Z
AUTH-00615,P-00615,CONDITIONAL,2026-08-09,2026-07-06T19:00:00Z
AUTH-00616,P-00616,CONDITIONAL,2026-09-22,2026-07-10T07:00:00Z
AUTH-00617,P-00617,APPROVED,2026-08-06,2026-07-07T03:00:00Z
AUTH-00618,P-00618,PENDING,2026-10-16,2026-07-08T06:00:00Z
AUTH-00619,P-00619,APPROVED,2026-11-05,2026-07-09T00:00:00Z
AUTH-00620,P-00620,PENDING,2026-11-05,2026-07-12T04:00:00Z
AUTH-00621,P-00621,PENDING,2026-08-13,2026-07-06T08:00:00Z
AUTH-00622,P-00622,APPROVED,2026-11-23,2026-07-10T05:00:00Z
AUTH-00623,P-00623,CONDITIONAL,2026-11-15,2026-07-11T07:00:00Z
AUTH-00624,P-00624,CONDITIONAL,2026-10-21,2026-07-10T14:00:00Z
AUTH-00625,P-00625,CONDITIONAL,2026-09-13,2026-07-13T06:00:00Z
AUTH-00626,P-00626,APPROVED,2026-10-21,2026-07-13T00:00:00Z
AUTH-00627,P-00627,PENDING,2026-11-24,2026-07-11T09:00:00Z
AUTH-00628,P-00628,APPROVED,2026-08-31,2026-07-08T12:00:00Z
AUTH-00629,P-00629,CONDITIONAL,2026-09-20,2026-07-12T06:00:00Z
AUTH-00630,P-00630,APPROVED,2026-11-06,2026-07-11T14:00:00Z
AUTH-00631,P-00631,APPROVED,2026-11-06,2026-07-14T16:00:00Z
AUTH-00632,P-00632,CONDITIONAL,2026-10-24,2026-07-10T01:00:00Z
AUTH-00633,P-00633,APPROVED,2026-10-12,2026-07-13T22:00:00Z
AUTH-00634,P-00634,CONDITIONAL,2026-10-27,2026-07-12T13:00:00Z
AUTH-00635,P-00635,PENDING,2026-10-15,2026-07-13T06:00:00Z
AUTH-00636,P-00636,APPROVED,2026-08-27,2026-07-14T00:00:00Z
AUTH-00637,P-00637,PENDING,2026-11-15,2026-07-13T04:00:00Z
AUTH-00638,P-00638,PENDING,2026-12-05,2026-07-12T17:00:00Z
AUTH-00639,P-00639,APPROVED,2026-08-16,2026-07-17T06:00:00Z
AUTH-00640,P-00640,APPROVED,2026-09-10,2026-07-12T17:00:00Z
AUTH-00641,P-00641,APPROVED,2026-09-16,2026-07-14T16:00:00Z
AUTH-00642,P-00642,CONDITIONAL,2026-08-12,2026-07-12T23:00:00Z
AUTH-00643,P-00643,APPROVED,2026-11-12,2026-07-14T01:00:00Z
AUTH-00644,P-00644,CONDITIONAL,2026-08-19,2026-07-16T03:00:00Z
AUTH-00645,P-00645,APPROVED,2026-09-14,2026-07-14T04:00:00Z
AUTH-00646,P-00646,APPROVED,2026-09-23,2026-07-14T04:00:00Z
AUTH-00647,P-00647,APPROVED,2026-12-06,2026-07-17T01:00:00Z
AUTH-00648,P-00648,APPROVED,2026-08-12,2026-07-15T03:00:00Z
AUTH-00649,P-00649,APPROVED,2026-11-24,2026-07-17T05:00:00Z
AUTH-00650,P-00650,APPROVED,2026-11-18,2026-07-18T06:00:00Z
AUTH-00651,P-00651,PENDING,2026-10-19,2026-07-17T08:00:00Z
AUTH-00652,P-00652,CONDITIONAL,2026-10-01,2026-07-18T22:00:00Z
AUTH-00653,P-00653,APPROVED,2026-08-16,2026-07-20T07:00:00Z
AUTH-00654,P-00654,APPROVED,2026-08-18,2026-07-17T03:00:00Z
AUTH-00655,P-00655,PENDING,2026-10-06,2026-07-18T12:00:00Z
AUTH-00656,P-00656,CONDITIONAL,2026-08-22,2026-07-16T11:00:00Z
AUTH-00657,P-00657,PENDING,2026-10-07,2026-07-22T01:00:00Z
AUTH-00658,P-00658,APPROVED,2026-09-03,2026-07-20T10:00:00Z
AUTH-00659,P-00659,APPROVED,2026-09-02,2026-07-19T04:00:00Z
AUTH-00660,P-00660,PENDING,2026-10-18,2026-07-20T01:00:00Z
AUTH-00661,P-00661,APPROVED,2026-09-17,2026-07-23T01:00:00Z
AUTH-00662,P-00662,APPROVED,2026-11-25,2026-07-20T07:00:00Z
AUTH-00663,P-00663,APPROVED,2026-08-19,2026-07-19T17:00:00Z
AUTH-00664,P-00664,APPROVED,2026-11-21,2026-07-23T09:00:00Z
AUTH-00665,P-00665,APPROVED,2026-09-22,2026-07-23T09:00:00Z
AUTH-00666,P-00666,PENDING,2026-12-04,2026-07-24T01:00:00Z
AUTH-00667,P-00667,APPROVED,2026-11-30,2026-07-20T21:00:00Z
AUTH-00668,P-00668,PENDING,2026-08-19,2026-07-23T02:00:00Z
AUTH-00669,P-00669,PENDING,2026-09-30,2026-07-21T04:00:00Z
AUTH-00670,P-00670,PENDING,2026-12-10,2026-07-23T10:00:00Z
AUTH-00671,P-00671,PENDING,2026-10-02,2026-07-23T03:00:00Z
AUTH-00672,P-00672,PENDING,2026-12-12,2026-07-24T08:00:00Z
AUTH-00673,P-00673,PENDING,2026-11-03,2026-07-22T10:00:00Z
AUTH-00674,P-00674,CONDITIONAL,2026-10-14,2026-07-26T08:00:00Z
AUTH-00675,P-00675,PENDING,2026-09-21,2026-07-26T04:00:00Z
AUTH-00676,P-00676,APPROVED,2026-08-25,2026-07-24T19:00:00Z
AUTH-00677,P-00677,CONDITIONAL,2026-08-31,2026-07-25T11:00:00Z
AUTH-00678,P-00678,APPROVED,2026-10-01,2026-07-27T02:00:00Z
AUTH-00679,P-00679,APPROVED,2026-11-30,2026-07-29T00:00:00Z
AUTH-00680,P-00680,APPROVED,2026-11-06,2026-07-27T06:00:00Z
AUTH-00681,P-00681,CONDITIONAL,2026-11-12,2026-07-25T18:00:00Z
AUTH-00682,P-00682,APPROVED,2026-10-05,2026-07-30T12:00:00Z
AUTH-00683,P-00683,APPROVED,2026-11-05,2026-07-30T08:00:00Z
AUTH-00684,P-00684,APPROVED,2026-10-02,2026-07-27T17:00:00Z
AUTH-00685,P-00685,APPROVED,2026-12-16,2026-07-26T13:00:00Z
AUTH-00686,P-00686,CONDITIONAL,2026-11-23,2026-07-26T19:00:00Z
AUTH-00687,P-00687,APPROVED,2026-10-22,2026-07-30T14:00:00Z
AUTH-00688,P-00688,CONDITIONAL,2026-09-26,2026-07-28T22:00:00Z
AUTH-00689,P-00689,APPROVED,2026-09-20,2026-07-26T13:00:00Z
AUTH-00690,P-00690,APPROVED,2026-09-01,2026-07-30T22:00:00Z
AUTH-00691,P-00691,PENDING,2026-10-20,2026-07-28T10:00:00Z
AUTH-00692,P-00692,APPROVED,2026-09-15,2026-07-29T01:00:00Z
AUTH-00693,P-00693,APPROVED,2026-11-03,2026-08-01T02:00:00Z
AUTH-00694,P-00694,PENDING,2026-09-28,2026-08-03T05:00:00Z
AUTH-00695,P-00695,APPROVED,2026-11-02,2026-07-31T16:00:00Z
AUTH-00696,P-00696,APPROVED,2026-09-04,2026-08-01T16:00:00Z
AUTH-00697,P-00697,APPROVED,2026-11-10,2026-08-01T21:00:00Z
AUTH-00698,P-00698,APPROVED,2026-09-18,2026-08-02T08:00:00Z
AUTH-00699,P-00699,CONDITIONAL,2026-11-06,2026-08-02T21:00:00Z
AUTH-00700,P-00700,APPROVED,2026-09-14,2026-07-31T18:00:00Z
AUTH-00701,P-00701,APPROVED,2026-11-11,2026-08-03T00:00:00Z
AUTH-00702,P-00702,APPROVED,2026-10-02,2026-08-03T14:00:00Z
AUTH-00703,P-00703,APPROVED,2026-09-04,2026-08-01T12:00:00Z
AUTH-00704,P-00704,CONDITIONAL,2026-09-30,2026-08-04T07:00:00Z
AUTH-00705,P-00705,CONDITIONAL,2026-12-22,2026-08-03T15:00:00Z
AUTH-00706,P-00706,APPROVED,2026-12-22,2026-08-03T07:00:00Z
AUTH-00707,P-00707,APPROVED,2026-10-05,2026-08-01T22:00:00Z
AUTH-00708,P-00708,CONDITIONAL,2026-11-10,2026-08-06T15:00:00Z
AUTH-00709,P-00709,APPROVED,2026-12-29,2026-08-04T15:00:00Z
AUTH-00710,P-00710,APPROVED,2026-11-02,2026-08-04T22:00:00Z
AUTH-00711,P-00711,APPROVED,2026-11-29,2026-08-03T16:00:00Z
AUTH-00712,P-00712,APPROVED,2026-12-05,2026-08-07T04:00:00Z
AUTH-00713,P-00713,APPROVED,2026-12-06,2026-08-03T19:00:00Z
AUTH-00714,P-00714,APPROVED,2026-12-12,2026-08-07T08:00:00Z
AUTH-00715,P-00715,APPROVED,2026-10-02,2026-08-03T02:00:00Z
AUTH-00716,P-00716,APPROVED,2026-11-01,2026-08-09T19:00:00Z
AUTH-00717,P-00717,CONDITIONAL,2026-09-15,2026-08-07T17:00:00Z
AUTH-00718,P-00718,APPROVED,2026-09-17,2026-08-07T13:00:00Z
AUTH-00719,P-00719,APPROVED,2026-09-11,2026-08-05T20:00:00Z
AUTH-00720,P-00720,PENDING,2026-10-21,2026-08-04T10:00:00Z
AUTH-00721,P-00721,APPROVED,2026-11-08,2026-08-08T14:00:00Z
AUTH-00722,P-00722,APPROVED,2026-12-30,2026-08-10T12:00:00Z
AUTH-00723,P-00723,APPROVED,2026-10-24,2026-08-09T11:00:00Z
AUTH-00724,P-00724,APPROVED,2026-11-30,2026-08-08T04:00:00Z
AUTH-00725,P-00725,APPROVED,2026-11-09,2026-08-09T05:00:00Z
AUTH-00726,P-00726,PENDING,2026-09-08,2026-08-10T06:00:00Z
AUTH-00727,P-00727,APPROVED,2026-12-21,2026-08-12T23:00:00Z
AUTH-00728,P-00728,APPROVED,2026-12-14,2026-08-12T01:00:00Z
AUTH-00729,P-00729,PENDING,2026-12-30,2026-08-10T22:00:00Z
AUTH-00730,P-00730,PENDING,2026-09-23,2026-08-07T03:00:00Z
AUTH-00731,P-00731,APPROVED,2026-12-10,2026-08-09T22:00:00Z
AUTH-00732,P-00732,APPROVED,2026-11-02,2026-08-09T12:00:00Z
AUTH-00733,P-00733,APPROVED,2026-11-28,2026-08-13T22:00:00Z
AUTH-00734,P-00734,APPROVED,2027-01-02,2026-08-11T05:00:00Z
AUTH-00735,P-00735,CONDITIONAL,2026-11-17,2026-08-14T15:00:00Z
AUTH-00736,P-00736,PENDING,2026-11-15,2026-08-11T02:00:00Z
AUTH-00737,P-00737,PENDING,2026-09-29,2026-08-13T07:00:00Z
AUTH-00738,P-00738,CONDITIONAL,2026-12-26,2026-08-11T09:00:00Z
AUTH-00739,P-00739,APPROVED,2026-11-12,2026-08-10T13:00:00Z
AUTH-00740,P-00740,APPROVED,2026-09-27,2026-08-14T16:00:00Z
AUTH-00741,P-00741,CONDITIONAL,2026-12-19,2026-08-14T13:00:00Z
AUTH-00742,P-00742,PENDING,2026-12-04,2026-08-16T08:00:00Z
AUTH-00743,P-00743,APPROVED,2026-10-05,2026-08-11T19:00:00Z
AUTH-00744,P-00744,APPROVED,2026-10-14,2026-08-14T21:00:00Z
AUTH-00745,P-00745,DENIED,2026-10-10,2026-08-15T20:00:00Z
AUTH-00746,P-00746,CONDITIONAL,2026-12-24,2026-08-13T04:00:00Z
AUTH-00747,P-00747,CONDITIONAL,2026-10-30,2026-08-13T20:00:00Z
AUTH-00748,P-00748,APPROVED,2026-12-19,2026-08-13T10:00:00Z
AUTH-00749,P-00749,APPROVED,2026-10-20,2026-08-15T17:00:00Z
AUTH-00750,P-00750,APPROVED,2026-11-16,2026-08-17T17:00:00Z
AUTH-00751,P-00751,CONDITIONAL,2026-10-25,2026-08-15T15:00:00Z
AUTH-00752,P-00752,PENDING,2026-11-30,2026-08-17T12:00:00Z
AUTH-00753,P-00753,APPROVED,2026-12-28,2026-08-15T07:00:00Z
AUTH-00754,P-00754,APPROVED,2026-10-12,2026-08-17T18:00:00Z
AUTH-00755,P-00755,PENDING,2026-10-29,2026-08-19T02:00:00Z
AUTH-00756,P-00756,CONDITIONAL,2026-09-21,2026-08-17T11:00:00Z
AUTH-00757,P-00757,APPROVED,2027-01-06,2026-08-18T21:00:00Z
AUTH-00758,P-00758,CONDITIONAL,2027-01-02,2026-08-20T15:00:00Z
AUTH-00759,P-00759,APPROVED,2026-11-27,2026-08-19T18:00:00Z
AUTH-00760,P-00760,CONDITIONAL,2027-01-07,2026-08-19T16:00:00Z
AUTH-00761,P-00761,APPROVED,2026-12-27,2026-08-19T08:00:00Z
AUTH-00762,P-00762,CONDITIONAL,2026-11-05,2026-08-21T10:00:00Z
AUTH-00763,P-00763,APPROVED,2026-10-13,2026-08-21T06:00:00Z
AUTH-00764,P-00764,PENDING,2026-11-19,2026-08-21T20:00:00Z
AUTH-00765,P-00765,PENDING,2026-12-09,2026-08-19T22:00:00Z
AUTH-00766,P-00766,PENDING,2026-12-14,2026-08-20T20:00:00Z
AUTH-00767,P-00767,APPROVED,2026-12-21,2026-08-20T13:00:00Z
AUTH-00768,P-00768,CONDITIONAL,2026-11-19,2026-08-23T05:00:00Z
AUTH-00769,P-00769,CONDITIONAL,2026-10-25,2026-08-21T01:00:00Z
AUTH-00770,P-00770,APPROVED,2026-12-11,2026-08-21T09:00:00Z
AUTH-00771,P-00771,APPROVED,2026-10-16,2026-08-22T07:00:00Z
AUTH-00772,P-00772,CONDITIONAL,2026-11-10,2026-08-23T09:00:00Z
AUTH-00773,P-00773,APPROVED,2026-10-28,2026-08-24T21:00:00Z
AUTH-00774,P-00774,PENDING,2026-10-22,2026-08-25T17:00:00Z
AUTH-00775,P-00775,APPROVED,2026-12-04,2026-08-24T17:00:00Z
AUTH-00776,P-00776,APPROVED,2026-09-23,2026-08-21T08:00:00Z
AUTH-00777,P-00777,APPROVED,2027-01-07,2026-08-22T23:00:00Z
AUTH-00778,P-00778,APPROVED,2026-11-05,2026-08-23T06:00:00Z
AUTH-00779,P-00779,APPROVED,2026-11-24,2026-08-22T07:00:00Z
AUTH-00780,P-00780,PENDING,2026-11-08,2026-08-25T16:00:00Z
AUTH-00781,P-00781,APPROVED,2026-09-23,2026-08-22T11:00:00Z
AUTH-00782,P-00782,CONDITIONAL,2026-11-03,2026-08-27T01:00:00Z
AUTH-00783,P-00783,APPROVED,2026-09-27,2026-08-25T12:00:00Z
AUTH-00784,P-00784,PENDING,2026-10-25,2026-08-26T15:00:00Z
AUTH-00785,P-00785,CONDITIONAL,2026-09-26,2026-08-25T17:00:00Z
AUTH-00786,P-00786,CONDITIONAL,2026-09-24,2026-08-25T11:00:00Z
AUTH-00787,P-00787,CONDITIONAL,2026-11-25,2026-08-28T22:00:00Z
AUTH-00788,P-00788,PENDING,2026-12-28,2026-08-27T19:00:00Z
AUTH-00789,P-00789,APPROVED,2026-12-13,2026-08-29T05:00:00Z
AUTH-00790,P-00790,APPROVED,2027-01-11,2026-08-30T02:00:00Z
AUTH-00791,P-00791,PENDING,2026-10-15,2026-08-30T07:00:00Z
AUTH-00792,P-00792,PENDING,2026-10-01,2026-08-27T12:00:00Z
AUTH-00793,P-00793,PENDING,2026-10-25,2026-08-28T00:00:00Z
AUTH-00794,P-00794,APPROVED,2027-01-18,2026-08-26T09:00:00Z
AUTH-00795,P-00795,PENDING,2026-12-11,2026-08-31T14:00:00Z
AUTH-00796,P-00796,APPROVED,2026-10-29,2026-08-28T11:00:00Z
AUTH-00797,P-00797,APPROVED,2026-10-31,2026-08-29T00:00:00Z
AUTH-00798,P-00798,APPROVED,2027-01-06,2026-09-02T01:00:00Z
AUTH-00799,P-00799,APPROVED,2026-10-07,2026-08-30T04:00:00Z
AUTH-00800,P-00800,APPROVED,2026-11-18,2026-08-30T13:00:00Z
